ID,SKU,Name before fix,Name via Formula,Weight (lbs),Regular price,Brand,Product Type,Model
37680,005-001-0091,Raytron AC2 Board,Raytron Tension Control Board 236,,,Raytron,Tension Control Board,236
13805,014-024-0001,Koyo 6410 Bearing,Koyo Bearing 6410,6,,Koyo,Bearing,6410
17398,008-028-0045,Safety Plug 22806,Molex Safety Plug 22806,2,,Molex,Safety Plug,22806
16579,MFG-000-1462,ASCO Redhat Rebuild Kit 100424,ASCO Rebuild Kit 100424,2,,ASCO,Rebuild Kit,100424
16578,MFG-000-1461,ASCO 200262 Valve,ASCO Valve 200262,2,,ASCO,Valve,200262
16571,MFG-000-1455,ASCO 302141 Valve,ASCO Valve 302141,2,,ASCO,Valve,302141
18163,002-039-0061,ASCO 302335 Rebuild Kit,ASCO Rebuild Kit 302335,2,,ASCO,Rebuild Kit,302335
18162,002-039-0064,ASCO 302373 Rebuild Kit,ASCO Rebuild Kit 302373,2,,ASCO,Rebuild Kit,302373
18721,MFG-000-1484,ASCO Redhat Kit Valve 302697,ASCO Valve 302697,3,,ASCO,Valve,302697
16581,MFG-000-1464,ASCO 302699 Valve,ASCO Valve 302699,2,,ASCO,Valve,302699
16576,MFG-000-1460,ASCO 826278 Valve,ASCO Valve 826278,2,,ASCO,Valve,826278
22672,041-001-0114,Youngblood 1340866 Heater Band,Heater Band 1340866,3,,-,Heater Band,1340866
18187,004-001-0120,Nisshin 7911389,Nisshin7911389,2,,Nisshin,-,7911389
18090,003-001-0062,ASCO 34203057 Regulator,ASCO Regulator 34203057,3,,ASCO,Regulator,34203057
18191,002-011-0114,Sharpe 293025010,Sharpe Check Valve 293025010,6,,Sharpe,Check Valve,293025010
18113,013-001-0429,Megadyne 250S8M960,Super Torque Belt,2,,Super Torque,Belt,-
39334,022-038-0740,Cable Cool -100C,Keyence Cable 022-038-0740,1,,Keyence,Cable,022-038-0740
39309,045-003-0005,Conveyor 1.88 OD 7777ROLLER,Roller 045-033-0005,1,,-,Roller,045-033-0005
16871,205-005-0413,Allen-Bradley Module 1394C-AM07,Allen-Bradley Module 1394C-AM07,10,,Allen-Bradley,Module,1394C-AM07
37692,031-001-0656,Allen-Bradley 1394C-SJT10-D Controller,Allen-Bradley Controller 1394C-SJT10-D,,,Allen-Bradley,Controller,1394C-SJT10-D
18124,003-001-0103,Parker Schrader Bellows 14L10GA,Schrader Bellows Lubricator Filter 14L10GASB,2,,Schrader Bellows,Lubricator Filter,14L10GASB
18087,005-005-0428,Allen-Bradley 1756-N2/B,Allen-Bradley Processor 1756-N2/B,1,,Allen-Bradley,Processor,1756-N2/B
18225,002-018-0024,Armstrong 1822LV Steam Trap,Armstrong Steam Trap 1822LV,9,,Armstrong,Steam Trap,1822LV
39275,027-002-0325,Filter Screen 20-8,Sanki Filter Screen 20-8,,,Sanki,Filter Screen,20-8
1325,002-004-0079,Jamesbury 21-1136TTC061 Ball Valve,Jamesbury Ball Valve 21-1136TTC061,4,,Jamesbury,Ball Valve,21-1136TTC061
16574,MFG-000-1458,ASCO 238210-032D Valve,ASCO Valve 238210-032D,2,,ASCO,Valve,238210-032D
18112,013-001-0428,Megadyne 250S8M880,Super Torque Belt 250-S8M-880,2,,Super Torque,Belt,250-S8M-880
18183,013-003-0831,Mol Belting Co. 2AR10OGU,Mol Belting Co. Belt 2AR10OGU,3,,Mol Belting Co.,Belt,2AR10OGU
18179,013-003-0241,Mol Belting Co. 2A,"Mol Belting Co. Belt 2AR2-0G-U-27""W-37'-11""L",35,,Mol Belting Co.,Belt,"2AR2-0G-U-27""W-37'-11""L"
18181,013-003-0245,Mol Belting Co. 2AR2OWUX19WX157,"Mol Belting Co. Belt 2AR2-0W-UX19""WX-15""-7""L",10,,Mol Belting Co.,Belt,"2AR2-0W-UX19""WX-15""-7""L"
17399,013-003-0883,Mol Belting Co. 2AR210BG-U-5P,Mol Belting Co. Belt 2AR210BG-U-5P,8,,Mol Belting Co.,Belt,2AR210BG-U-5P
18180,013-003-0256,Mol Belting Co. 2AR2OGULACED1712X248,Mol Belting Co. Belt 2AR2OGULACED1712X248,13,,Mol Belting Co.,Belt,2AR2OGULACED1712X248
18182,013-003-0834,Mol Belting Co. 2ROO390WX1880L,Mol Belting Co. Belt 2ROO390WX1880L,3,,Mol Belting Co.,Belt,2ROO390WX1880L
17411,022-011-0297,Automatic Timing & Controls Proximity Sensor 301-3-5110-26,Automatic Timing & Controls Proximity Sensor 301-3-5110-26,2,,Automatic Timing & Controls,Proximity Sensor,301-3-5110-26
39319,013-003-0268,Conv. Belt HAT8P 30MMX2065MM,PRAXAIR Belt 30MMX2065,1,,PRAXAIR,Belt,30MMX2065
39318,013-003-0267,Conv. Belt HAT8P 30MMX3485MM,Belt 30MMX3485MM,1,,-,Belt,30MMX3485MM
39317,013-003-0266,Conv. Belt HAT8P 30MMX4475MM,Belt 30MMX4475MM,1,,-,Belt,30MMX4475MM
18176,002-038-0030,Mac 35ASACRA11,MAC Valve 35A-SAC-RA11,1,,MAC,Valve,35A-SAC-RA11
39335,013-001-0510,Denso Belt 363-3GT-25,Denso Belt 410642-0480,1,,Denso,Belt,410642-0480
22854,MFG-000-1910,Oriental Motor 51K40GN-SWT2S Motor,Oriental Motor Motor 51K40GN-SWT2S,7,,Oriental Motor,Motor,51K40GN-SWT2S
16894,013-001-0047,Bando Belt 600-S14M-1806,Bando Belt 600-S14M-1806,3,,Bando,Belt,600-S14M-1806
18116,014-001-0106,NSK 6008VV,Koyo Bearing 6008 2RSC3 SKF,1,,Koyo,Bearing,6008 2RSC3 SKF
1347,014-001-0529,Nachi Bearing 6216-2NSL,Nachi Bearing 6216-2NSL,5,,Nachi,Bearing,6216-2NSL
16903,014-001-0431,NTN 7302CDF-GNP4 Bearing,NTN Bearing 7302C-DF-GNP4,2,,NTN,Bearing,7302C-DF-GNP4
18168,003-004-0090,Festo 7558KSV8,Festo Plug 7558KSV8*,3,,Festo,Plug,7558KSV8*
18160,002-012-0012,Apollo 80PM419 Valve,Apollo Valve 80PM419,3,,Apollo,Valve,80PM419
16899,004-002-0060,Level Gauge 81021-9,Level Gauge 81021-9,1,,-,Level Gauge,81021-9
22851,002-007-0225,ASCO Redhat Solenoid Valve 8210G34,ASCO Valve 8210G34,4,,ASCO,Valve,8210G34
16573,MFG-000-1457,ASCO 8262G130T Valve,ASCO Valve 8262G130T,2,,ASCO,Valve,8262G130T
16583,MFG-000-1465,ASCO Redhat Valve 8262G78,ASCO Valve 8262G78,3,,ASCO,Valve,8262G78
16585,MFG-000-1467,ASCO Redhat Solenoid Valve 8263G210W,ASCO Solenoid Valve 8263G210W,2,,ASCO,Solenoid Valve,8263G210W
16580,MFG-000-1463,ASCO 8345E11 Valve,ASCO Valve 8345E11,2,,ASCO,Valve,8345E11
16913,022-011-0382,Allen-Bradley 871C-DH4M12-A2 Switch,Allen-Bradley Switch 871C-DH4M12-A2,2,,Allen-Bradley,Switch,871C-DH4M12-A2
43964,068-514-0008,Drive Shaft 95M03M4A-03,WORKSMAN Shaft 95M03M4A-03,,,WORKSMAN,Shaft,95M03M4A-03
13837,005-026-0046,Toshiba AC-M412W Camera Adapter,Toshiba AC Adapter AC-M412W,4,,Toshiba,AC Adapter,AC-M412W
18208,003-001-0184,SMC Combo Modular AC30-NO3DG-3Z,SMC Combo Modular AC30-NO3DG-3Z,3,,SMC,Combo Modular,AC30-NO3DG-3Z
22647,039-003-1783,SMC ACNL-X2-63X90-FA-M Cylinder,SMC Cylinder ACNL-X2-63X90-FA-M,12,,SMC,Cylinder,ACNL-X2-63X90-FA-M
18201,002-007-0236,Toyo-oki AK02002,Toyooki Solenoid Valve AK-02002,3,,Toyooki,Solenoid Valve,AK-02002
18111,005-026-0019,Matsushita ANB845NL,Pentax Lens ANB845NL,1,,Pentax,Lens,ANB845NL
1378,005-026-0018,Matsushita ANM830CE Camera,NAiS Camera ANM830CE,3,,NAiS,Camera,ANM830CE
18101,008-006-0021,Fuji Electric Selector Switch AR30PR-322B,Fuji Electric Switch AR30PR-322B,1,,Fuji Electric,Switch,AR30PR-322B
13830,003-001-0076,SMC AR925-20,SMC Regulator AR925-20,12,,SMC,Regulator,AR925-20
18127,003-006-0006,SMC AS2201F-02-04S,SMC Speed Control Valve AS2201F-02-04S,1,,SMC,Speed Control Valve,AS2201F-02-04S
13814,014-007-0030,NTN ASPFL206 Pillow Block,NTN Pillow Block ASPFL206,3,,NTN,Pillow Block,ASPFL206
22658,022-012-0308,Azbil AUD300C1000 Flame Detector,Azbil Flame Detector AUD300C1000,5,,Azbil,Flame Detector,AUD300C1000
18149,003-015-0108,Swagelok B-810-3TMT,Swagelok Brass Male Run Tee B-810-3TMT,2,,Swagelok,Brass Male Run Tee,B-810-3TMT
39312,013-002-0084,ContTech B47 Belt,ContTech Belt B47,1,,ContTech,Belt,B47
16888,014-011-0460,THK BNK1402-3RRG0+166LC3Y Ball Screw,THK Ball Screw BNK1402-3RRG0+166LC3Y,4,,THK,Ball Screw,BNK1402-3RRG0+166LC3Y
39314,013-007-0030,Bestorq BX47 Belt,Bestorq Belt BX47,1,,Bestorq,Belt,BX47
39311,013-002-0188,BX49 Belt,Torque Flex Belt BX49,1,,Torque Flex,Belt,BX49
18130,003-028-0008,SMC C1A63-02-46683AS,SMC Rod Cover C1A63-02-46683AS,2,,SMC,Rod Cover,C1A63-02-46683AS
39217,019-001-0355,Leeson C42P17FZ1B Motor,Leeson Motor C42P17FZ1B,29,,Leeson,Motor,C42P17FZ1B
16909,022-012-0001,Honeywell C7027A Sensor,Honeywell Minipeeper Ultraviolet Flame Detector C7027A,3,,Honeywell,Minipeeper Ultraviolet Flame Detector,C7027A
1234,005-004-0292,Teli CA130D-01 Camera Adapter,Teli Camera Adapter CA130D-01,4,,Teli,Camera Adapter,CA130D-01
1313,002-008-0006,SMC CC100-200L12-5D,SMC Air-Hydro Unit CC100-200L12-5D,9,,SMC,Air-Hydro Unit,CC100-200L12-5D
18131,039-003-0900,SMC CDA2L63-380-K59L,SMC Cylinder CDA2L63-380-K59L,12,,SMC,Cylinder,CDA2L63-380-K59L
17413,039-003-0340,SMC CDJP2B16-20D,SMC Air Cylinder CDJP2B16-20D,4,,SMC,Air Cylinder,CDJP2B16-20D
39240,039-003-1334,SMC CDM2B25-350-X142US Cylinder,SMC Cylinder CDM2B25-350-X142US,1,,SMC,Cylinder,CDM2B25-350-X142US
16595,039-003-1684,Yaskawa CDPXWL32-50,SMC Cylinder CDPXWL32-50,8,,SMC,Cylinder,CDPXWL32-50
17414,039-003-0828,SMC CDQ2B25-10DCZ,SMC Compact Cylinder CDQ2B25-10DCZ,3,,SMC,Compact Cylinder,CDQ2B25-10DCZ
17417,039-003-3515,SMC CDQ2B32-60DCMZ-XB10,SMC Compact Cylinder CDQ2B32-60DCMZ-XB,4,,SMC,Compact Cylinder,CDQ2B32-60DCMZ-XB
39332,039-093-0338,SMC CDQ2B63-10DMZ Cylinder,SMC Cylinder CDQ2B63-10DMZ-M9BL,1,,SMC,Cylinder,CDQ2B63-10DMZ-M9BL
39241,039-003-0020,SMC CDQ2B80-20DZ Cylinder,SMC CQ2 Compact Cylinder CDQ2B80-20DZ,1,,SMC,CQ2 Compact Cylinder,CDQ2B80-20DZ
39239,039-003-1544,SMC CDQ2B80-50DMZ Cylinder,SMC Cylinder CDQ2B80-50DMZ,1,,SMC,Cylinder,CDQ2B80-50DMZ
17396,003-030-0038,SMC CDRB1BW30-1000-T79,SMC Actuator CDRB1BW30-1000-T79L,2,,SMC,Actuator,CDRB1BW30-1000-T79L
18193,003-030-0058,SMC CDRQB40,SMC Rotary Actuator CDRQB40,6,,SMC,Rotary Actuator,CDRQB40
39247,039-003-0005,SMC CDU25-15D Cylinder,SMC CU Compact Cylinder CDU25-15D,1,,SMC,CU Compact Cylinder,CDU25-15D
19509,039-003-1693,SMC CEIF40-400-M9BVLS Cylinder,SMC Cylinder CEIF40-400-M9BVLS,10,,SMC,Cylinder,CEIF40-400-M9BVLS
13838,005-026-0015,Toshiba Camera CS8310B,Toshiba CCD Camera CS8310Bi,3,,Toshiba,CCD Camera,CS8310Bi
18109,008-002-0122,Koganei CS9HA,Koganei Auto Switch CS9HA,1,,Koganei,Auto Switch,CS9HA
37685,236-505-0018,Harmonic Drive CSF-25-50-2UH,Harmonic DriveCSF-25-50-2UH,4,,Harmonic Drive,-,CSF-25-50-2UH
22645,039-003-1243,SMC CXSL25-80-Y59BL Cylinder,SMC Dual Rod Cylinder CXSL25-80-Y59BL,4,,SMC,Dual Rod Cylinder,CXSL25-80-Y59BL
13827,039-003-1607,SMC CXSM20-40-Y59BL Cylinder,SMC Guided Cylinder CXSM20-40,3,,SMC,Guided Cylinder,CXSM20-40
13799,068-731-0002,Daishin D-300 Torch,Daishin Torch D-300,4,,Daishin,Torch,D-300
22652,MFG-000-1842,D4GS-N4R-3 Switch,Omron Switch D4GS-N4R-3,3,,Omron,Switch,D4GS-N4R-3
13831,005-026-0041,Sony DC-700 Camera Adapter,Sony Camera Adapter DC-700,4,,Sony,Camera Adapter,DC-700
22659,054-001-0040,Sony DG10BS Digital Gauge,Sony Magnescale Probe DG10BS,4,,Sony,Magnescale Probe,DG10BS
13815,022-011-0179,E2E-X3T1-1 Switch,Omron Switch E2E-X3T1-1,2,,Omron,Switch,E2E-X3T1-1
16916,022-011-0240,E2J-JC4A Switch,Omron Switch E2J-JC4A,2,,Omron,Switch,E2J-JC4A
18188,008-005-0028,Omron Photoelectric Switch E3E23L,Omron Photoelectric Switch E3E2-3L,2,,Omron,Photoelectric Switch,E3E2-3L
18117,008-005-0075,Omron Photoelectric Switch E3S-2E41,Omron Photoelectric Switch E3S-2E41,1,,Omron,Photoelectric Switch,E3S-2E41
18118,008-005-0011,Omron Photoelectric Switch E3S-5DE4,Omron Photoelectric Switch E3S-5E4,2,,Omron,Photoelectric Switch,E3S-5E4
16575,MFG-000-1459,ASCO EF8262G2 Valve,ASCO Valve EF8262G2,2,,ASCO,Valve,EF8262G2
16584,MFG-000-1466,ASCO EF8345G1 Valve,ASCO Valve EF8345G1,2,,ASCO,Valve,EF8345G1
1307,005-012-0030,Nikon RD2048 Rotary Encoder,Nikon Rotary Encoder EJA03204/RD2048,4,,Nikon,Rotary Encoder,EJA03204/RD2048
39211,019-001-0882,Baldor EM3313T Motor,Baldor Motor EM3313T,120,,Baldor,Motor,EM3313T
16596,031-001-0803,Estic ENRZ-AU40-10 Control Unit,Estic Control Unit ENRZ-AU40-10,12,,Estic,Control Unit,ENRZ-AU40-10
18167,005-004-0281,Etek Dias EP182,Etek Dias Power Supply EP182,2,,Etek Dias,Power Supply,EP182
18198,002-013-0076,Tokyo Keiki EPFRGH0235011S23,Tokyo Keiki Flow Control Valve EPFRG-H02-350-11-S23,35,,Tokyo Keiki,Flow Control Valve,EPFRG-H02-350-11-S23
37676,003-001-0282,Filter ESD-60-5-10M,Allen-Bradley Filter ESD-60-5-10M*,,,Allen-Bradley,Filter,ESD-60-5-10M*
18196,005-003-0042,Sunao ET100PC,Sunao Calendar-Timer ET100PC,5,,Sunao,Calendar-Timer,ET100PC
16912,022-012-0296,Keyence EX-205,Keyence Inductive Guaging Sensor EX-200,2,,Keyence,Inductive Guaging Sensor,EX-200
16569,MFG-000-1453,Honeywell FE-MLS5RB Control,Honeywell Photoelectric Sensor FE-MLS5RB,2,,Honeywell,Photoelectric Sensor,FE-MLS5RB
18094,003-001-0057,Coilhose Pneumatics FRL1400,Coilhose Pneumatics Lubricator FRL1400,6,,Coilhose Pneumatics,Lubricator,FRL1400
39218,219-004-0011,Servo Motor GRK2200K-T,Fuji Electric ES Motor GRK2200K-T,,,Fuji Electric,ES Motor,GRK2200K-T
13813,014-005-0106,Nippon GS3052,Nippon Washer GS3052,1,,Nippon,Washer,GS3052
18171,005-003-0012,IDEC GT5Y4SN,IDEC Electronic Timer GT5Y-4SN,2,,IDEC,Electronic Timer,GT5Y-4SN
13800,014-013-0023,GVFTD1 Bearing,Fafnir Bearing GVFTD1,3,,Fafnir,Bearing,GVFTD1
39230,MFG-000-2010,X272 Rear Blower Harness H-532,Harness H-532 X272,1,,-,Harness,H-532 X272
39229,MFG-000-2009,X272/X222 Auto Harness H-532,Harness H-532 X272/X222,1,,-,Harness,H-532 X272/X222
39223,463-532-0024,Tz3 Ext Harness H-532-TZ3,Harness H-532-TZ3,1,,-,Harness,H-532-TZ3
18119,005-003-0027,Omron Timer H3CR-H8L,Omron Timer H3CR-H8L,1,,Omron,Timer,H3CR-H8L
39216,019-004-0155,Mitsubishi HA-FF43B Motor,Mitsubishi Motor HA-FF43B,8,,Mitsubishi,Motor,HA-FF43B
39215,019-001-0562,Servo Motor HA-SA152LY,Tamagawa Seiki Servo Motor HA-SA152LY,,,Tamagawa Seiki,Servo Motor,HA-SA152LY
39214,019-001-0563,Mitsubishi HA-SA52 Motor,Mitsubishi Motor HA-SA52,10,,Mitsubishi,Motor,HA-SA52
16884,013-003-0269,HAT8P Conveyor Belt,Habasit Conveyor Belt HATP-8P 30MMx370MM,2,,Habasit,Conveyor Belt,HATP-8P 30MMx370MM
16885,013-003-0829,HATP8P Conveyor Belt,Habasit Conveyor Belt HATP-8P 30MMx370MM,2,,Habasit,Conveyor Belt,HATP-8P 30MMx370MM
18154,002-014-0010,Toyo-oki HD3-2WD-BCA-025A-LYD2,Toyooki Solenoid Valve HD3-2WD-BCA-025A-LYD,6,,Toyooki,Solenoid Valve,HD3-2WD-BCA-025A-LYD
18202,002-014-0021,Toyo-oki HD32WDBCA03ALYD2,Toyooki Solenoid Valve HD3-2WD-BcA-03A-LYD,10,,Toyooki,Solenoid Valve,HD3-2WD-BcA-03A-LYD
13839,002-014-0008,Toyo-oki HDE-3W-BGA-025B-WYD2 Valve,Toyooki Valve HD3-3W-BGA-025B-WYD2,8,,Toyooki,Valve,HD3-3W-BGA-025B-WYD2
18151,014-004-0268,THK HSR15B1SS,THKHSR15B1SS,2,,THK,-,HSR15B1SS
18197,014-004-0376,THK HSR15B2SS+210L,THK Linear Bearing HSR15B2SS+210L,3,,THK,Linear Bearing,HSR15B2SS+210L
39232,014-004-744,THK HSR25LR1SS Linear Guide Block,THK Linear Guide Block HSR25LR1SS(GK),2,,THK,Linear Guide Block,HSR25LR1SS(GK)
13840,002-014-0128,Toyo-oki Valve Switch HW3H-B11S-025B-DC,Toyooki Valve HW3H-B11S-025B-DC,5,,Toyooki,Valve,HW3H-B11S-025B-DC
39336,039-004-0026,Repair Kit HYP505H Assembly B,Repair Kit HYP505H,1,,-,Repair Kit,HYP505H
17410,022-011-0276,IFM IF5863,IFM Inductive Sensor IF5863,2,,IFM,Inductive Sensor,IF5863
18192,008-003-0145,SMC IS3000-N02L5,SMC Pressure Switch IS3000-N02L5,3,,SMC,Pressure Switch,IS3000-N02L5
16904,008-003-0209,SMC ISE30A-01-P-MLA1 Switch,SMC Digital Pressure Switch ISE30A-01-P-MLA1,2,,SMC,Digital Pressure Switch,ISE30A-01-P-MLA1
22845,022-012-0490,Keyence IV-500CA Sensor,Keyence Vision Sensor IV-500CA,3,,Keyence,Vision Sensor,IV-500CA
17409,022-011-0259,IFM IW5058,IFM Proximity Switch IW5058,2,,IFM,Proximity Switch,IW5058
18110,004-001-0126,Marsh Bellofram J6218,"Marsh Bellofram Gauge J6218 30""",2,,Marsh Bellofram,Gauge,"J6218 30"""
18132,003-003-0224,SMC JAF63-18-150,SMC Floating Joint JAF63-18-150,3,,SMC,Floating Joint,JAF63-18-150
18174,008-003-0072,Kosmek JB2800-M0,Kosmek Pressure Switch JB2800-M0,3,,Kosmek,Pressure Switch,JB2800-M0
17395,003-003-0028,SMC JB63-10-150,SMC Floating Joint JB63-10-150,2,,SMC,Floating Joint,JB63-10-150
18155,005-005-0483,Yaskawa JEPMC-MB210,Yaskawa Power Supply Mount JEPMC-MB210,3,,Yaskawa,Power Supply Mount,JEPMC-MB210
1551,MFG-000-0112,Yaskawa JRMSP-120XCP96000,Yaskawa PLC Module JRMSP-120XCP96000,6,,Yaskawa,PLC Module,JRMSP-120XCP96000
37678,205-005-0491,Yaskawa JUSP-NS600,Yaskawa Servopack JUSP-NS600,1,,Yaskawa,Servopack,JUSP-NS600
16877,003-030-0062,THK KR45H10AE840LH3E11,THK LM Guide Actuator KR45H,35,,THK,LM Guide Actuator,KR45H
18135,002-039-0118,SMC KT-PA3-32,SMC Repair Kit KT-PA3-32,1,,SMC,Repair Kit,KT-PA3-32
18136,002-039-0117,SMC KT-PA3-36,SMC Repair Kit KT-PA3-36,1,,SMC,Repair Kit,KT-PA3-36
18138,003-007-0048,SMC KTAR6000,SMC Diaphragm Assy KTAR6000,1,,SMC,Diaphragm Assy,KTAR6000
39221,014-018-0012,THK LBS30UU+975,THK Ball Spline LBS30UU+975 845LE,6,,THK,Ball Spline,LBS30UU+975 845LE
18095,005-004-0263,Cosel LCA10S-24,Cosel Power Supply LCA10S-24,2,,Cosel,Power Supply,LCA10S-24
13782,014-004-0634,ASK LCF20AVUU Bushing,ASK Bushing LCF20AVUU,3,,ASK,Bushing,LCF20AVUU
39212,216-001-0090,Dodge Gear Reducer LP90M0215111,Dodge Gear Reducer LP90M0215111,1,,Dodge,Gear Reducer,LP90M0215111
16889,014-004-0699,IKO LRXDG20C1-T1HS2 Linear BRG,IKO Linear Bearing LRXDG20C1-T1HS2,2,,IKO,Linear Bearing,LRXDG20C1-T1HS2
16890,014-004-0574,IKO LRXDG20C1R200+T1HE Linear BRG,IKO Linear Bearing LRXDG20C1R200+T1HE,2,,IKO,Linear Bearing,LRXDG20C1R200+T1HE
18103,008-015-0009,GEMS Level Switch 19735,GEMS Level Switch LS-19735,1,,GEMS,Level Switch,LS-19735
1606,MFG-000-0129,VAC Switch,GEMS Level Switch LS-19735,1,,GEMS,Level Switch,LS-19735
16906,022-012-0307,LX12ESRQ Light Sensor,Banner Light Sensor LX12ESRQ,4,,Banner,Light Sensor,LX12ESRQ
16907,022-012-0306,Banner Light Sensor LX12RSRQ,Banner Light Sensor LX12RSRQ,4,,Banner,Light Sensor,LX12RSRQ
22660,061-001-0305,KHK M-1122887-021 Gear,KHK Gear M-1122887-021,7,,KHK,Gear,M-1122887-021
39354,061-001-0306,Gear M-1122887-061,KHK Gear M-1122887-061,1,,KHK,Gear,M-1122887-061
39346,061-001-0304,Gear M-11228887-011,KHK Gear M-11228887-011,1,,KHK,Gear,M-11228887-011
39326,056-001-0253,Ametric Pulley M-2011593-350,Ametric Pulley M-2011593-350,1,,Ametric,Pulley,M-2011593-350
39213,019-001-0402,Baldor M2513T Motor,Baldor Motor M2513T,156,,Baldor,Motor,M2513T
16905,051-001-0093,CEC MA-459 Shock Absorber,CEC Shock Absorber MA-459,2,,CEC,Shock Absorber,MA-459
18139,039-003-0461,SMC MCN2-40X100-FA,SMC Cylinder MCN2-40X100-FA,5,,SMC,Cylinder,MCN2-40X100-FA
39249,036-615-0003,SMC Robot Chuck MDHR-30R-MSBVL,SMC Gripper MDHR2-30R,1,,SMC,Gripper,MDHR2-30R
1353,005-005-0189,Mitsubishi A1SD70,Mitsubishi Module MELSEC A1SD70,4,,Mitsubishi,Module,MELSEC A1SD70
1374,005-005-0187,Mitsubishi A1SX42-S2 Module,Mitsubishi Module MELSEC A1SX42-S2,4,,Mitsubishi,Module,MELSEC A1SX42-S2
1329,005-005-0144,Mitsubishi AY51C Module,Mitsubishi Module MELSEC AY51C,3,,Mitsubishi,Module,MELSEC AY51C
22644,039-003-1076,SMC MGPM25R-60Z Cylinder,SMC Compact Guide Cylinder MGPM25R-60Z,6,,SMC,Compact Guide Cylinder,MGPM25R-60Z
39245,039-003-1029,SMC MHKL2-25D Gripper,SMC Gripper MHKL2-25D-M9BVLS,1,,SMC,Gripper,MHKL2-25D-M9BVLS
39238,039-003-1009,SMC MHKL2-25D Gripper,SMC Gripper MHKL2-25D-M9BVLS,1,,SMC,Gripper,MHKL2-25D-M9BVLS
39345,076-910-0035,MJC-57-19X24-TB Coupling,Coupling MJC-57-19X24-TB,1,,-,Coupling,MJC-57-19X24-TB
39331,013-001-0458,Timing Belt MRA1 YOU,Belt MRA1 YOU,1,,-,Belt,MRA1 YOU
1391,005-004-0282,Keyence MS-H50 Switch,Keyence Power Supply MS-H50,2,,Keyence,Power Supply,MS-H50
16873,022-012-0325,Banner MSE3224,Banner Screen Light MSE3224,4,,Banner,Screen Light,MSE3224
17416,039-003-1609,SMC MXS12L-20-M9BL,SMC Guided Cylinder MXS12L-20-M9BL,5,,SMC,Guided Cylinder,MXS12L-20-M9BL
17394,003-001-0259,SMC NARB250-N0-P-1,SMC Interface Regulator NARB250-N0-P-1,5,,SMC,Interface Regulator,NARB250-N0-P-1
13828,039-003-3511,SMC NCMB075-0300,SMC Stainless Steel Cylinder NCMB075-0300,2,,SMC,Stainless Steel Cylinder,NCMB075-0300
13825,039-003-1532,SMC NCQ2D63-35DM,SMC Cylinder NCQ2D63-35DM,5,,SMC,Cylinder,NCQ2D63-35DM
22766,MFG-000-1864,NSJ5-SQ00-M3D Control,Omron Control NSJ5-SQ00-M3D,5,,Omron,Control,NSJ5-SQ00-M3D
22640,031-001-0840,RTA NWRE Control,RTA Interface Converter NWRE,2,,RTA,Interface Converter,NWRE
22669,022-063-0017,Nemicon MR-HDP01 Generator,Nemicon Generator OVM-0025-2AZ1-34E,3,,Nemicon,Generator,OVM-0025-2AZ1-34E
37679,005-001-0007,P1DA Board,Board P1DA,,,-,Board,P1DA
13823,014-007-0060,Rexnord P3-U215N Bearing,Rexnord Link-Belt Bearing P3-U215N,4,,Rexnord,Link-Belt Bearing,P3-U215N
22732,022-011-0250,Fuji Electric PEW-34L/N Proximity Switch,Fuji Electric Proximity Switch PEW-34L/N,3,,Fuji Electric,Proximity Switch,PEW-34L/N
16915,022-012-0230,Keyence PJ-V22,Keyence Safety Light Curtain PJ-V22R | PJ-V22T,5,,Keyence,Safety Light Curtain,PJ-V22R | PJ-V22T
22604,022-046-0003,Sylvania QTP2X32T8/UNVISNSCB,Sylvania Fluorescent Lamp Ballast QTP2x32T8/UNV ISN-SC,3,,Sylvania,Fluorescent Lamp Ballast,QTP2x32T8/UNV ISN-SC
17412,022-038-1061,Turck R5C12T-5,Turck Cable/Cord R5C12T-5,2,,Turck,Cable/Cord,R5C12T-5
17402,015-001-0276,Tsubaki RF2050VRP-A-148,Tsubaki Chain RF2050VRP-A-148,25,,Tsubaki,Chain,RF2050VRP-A-148
17415,039-003-1054,SMC RSDQA40-20TK,SMC Cylinder RSDQA40-20TK,5,,SMC,Cylinder,RSDQA40-20TK
13826,039-003-1528,SMC RSDQA50-30T-XC18,SMC Cylinder RSDQA50-30T-XC18,5,,SMC,Cylinder,RSDQA50-30T-XC18
22639,031-001-0659,Fuji Electric Servo Control RYE.10S,Fuji Electric Controllers RYE.10S,6,,Fuji Electric,Controllers,RYE.10S
45232,031-001-0658,Fuji Electric Digital ES Controller RYE.20D,Fuji Electric Controllers RYE.20D,4,,Fuji Electric,Controllers,RYE.20D
39320,231-001-0588,Fuji Electric RYE.40D Control,Fuji Electric Controller RYE.40D,3,,Fuji Electric,Controller,RYE.40D
22638,031-001-0588,Fuji Electric RYE.40D Control,Fuji Electric Controller RYE.40D,7,,Fuji Electric,Controller,RYE.40D
16914,022-001-0751,Fuji Electric SA53C/15,Fuji Electric Breaker SA53C/15,3,,Fuji Electric,Breaker,SA53C/15
16892,022-012-0371,IFM Efector SD6101,IFM Flow Monitor SD6101,2,,IFM,Flow Monitor,SD6101
13792,008-030-0045,Tri-Tronics 17301,Tri-Tronics Fiber Optic Kit SER D-036649-000,5,,Tri-Tronics,Fiber Optic Kit,SER D-036649-000
16876,022-012-0302,SunX SF4-AH12-N Light Sensor,SUNX Light Curtain SF4-AH12-N D | SF4-AH12-N P,4,,SUNX,Light Curtain,SF4-AH12-N D | SF4-AH12-N P
16920,022-012-0289,SunX SF4-AH24-N Light Sensor,SUNX Light Curtain SF4-AH24-N D | SF4-AH24-N P,4,,SUNX,Light Curtain,SF4-AH24-N D | SF4-AH24-N P
16872,022-012-0166,SunX SF4-AH32 Light Sensor,SUNX Light Sensor SF4-AH32 D,4,,SUNX,Light Sensor,SF4-AH32 D
16589,031-004-0042,Yaskawa SGDB-10AN,Yaskawa Servopack SGDB-10AN,12,,Yaskawa,Servopack,SGDB-10AN
16587,031-004-0044,Yaskawa SGDB-30ANY8 Servopack,Yaskawa Servopack SGDB-30ANY8,18,,Yaskawa,Servopack,SGDB-30ANY8
16943,019-004-0250,Yaskawa SGMAH-02A1A2S,Yaskawa AC Servo Motor SGMAH-02A1A2S,35,,Yaskawa,AC Servo Motor,SGMAH-02A1A2S
37681,019-004-0248,Servo Motor SGMAH-08A1AJ12C,Yaskawa Servo Motor SGMAH-08A1AJ12C,,,Yaskawa,Servo Motor,SGMAH-08A1AJ12C
37683,219-004-0248,Servo Motor SGMAH-08A1AJ12C,Yaskawa Servo Motor SGMAH-08A1AJ12C,,,Yaskawa,Servo Motor,SGMAH-08A1AJ12C
16590,019-004-0214,Yaskawa SGMGH-05A2A21,Yaskawa AC Servo Motor SGMGH-05A2A21,17,,Yaskawa,AC Servo Motor,SGMGH-05A2A21
10432,019-004-0225,Mitsubishi AC Servo Motor SGMGH-06A2B2E,Yaskawa Motor SGMGH-06A2B2E,27,,Yaskawa,Motor,SGMGH-06A2B2E
16592,019-004-0290,Yaskawa SGMAH-08A1A2S Motor,Yaskawa AC Servo Motor SGMGH-08A1A2S,12,,Yaskawa,AC Servo Motor,SGMGH-08A1A2S
16591,019-004-0221,Yaskawa SGMGH-09A2B2S,Yaskawa AC Servo Motor SGMGH-09A2B2S,25,,Yaskawa,AC Servo Motor,SGMGH-09A2B2S
17407,019-004-0187,Yaskawa SGMGH-55A2A21,Yaskawa AC Servo Motor SGMGH-55A2A21,80,,Yaskawa,AC Servo Motor,SGMGH-55A2A21
16586,019-004-0213,Yaskawa SGMPH-04A1A2C0,Yaskawa AC Servo Motor SGMPH-04A1A2C,9,,Yaskawa,AC Servo Motor,SGMPH-04A1A2C
16588,019-004-0226,Yaskawa SGMPH-15A1A2E,Yaskawa AC Servo Motor SGMPH-15A1A2E,22,,Yaskawa,AC Servo Motor,SGMPH-15A1A2E
16593,019-004-0293,Yaskawa SGMSH-20A2A2E,Yaskawa AC Servo Motor SGMSH-20A2A2E,25,,Yaskawa,AC Servo Motor,SGMSH-20A2A2E
16930,219-004-0264,Yaskawa SGMSH-40A2A21 Motor,Yaskawa AC Servo Motor SGMSH-40A2A21,40,,Yaskawa,AC Servo Motor,SGMSH-40A2A21
16594,019-004-0264,Yaskawa SGMSH-40A2A21 Motor,Yaskawa AC Servo Motor SGMSH-40A2A21,40,,Yaskawa,AC Servo Motor,SGMSH-40A2A21
16908,022-007-0244,SH04.22A Relay,EEC Controls Relay/Socket SH04.22A,2,,EEC Controls,Relay/Socket,SH04.22A
16927,014-004-0577,THK M-2045473-292 Linear BRG,THK Linear Bearing SHW14CA1QZUUC1M+356LMS,4,,THK,Linear Bearing,SHW14CA1QZUUC1M+356LMS
19510,039-003-3034,SMC SKB83X160-DB-M,PHD Cylinder SKB83x160-DB-M,18,,PHD,Cylinder,SKB83x160-DB-M
37690,231-001-0717,Schmersal SLB400-C10-1R Control,Schmersal Safety Controller SLB400-C10-1R,3,,Schmersal,Safety Controller,SLB400-C10-1R
39357,014-004-0482,THK Linear Brg SRS15WGMSSC1+750LM,THK Linear Bearing SRS15WGMSSC1+750LM,1,,THK,Linear Bearing,SRS15WGMSSC1+750LM
39356,014-004-0531,THK Linear Brg SRS15WGMSSC1+790LM,THK Linear Bearing SRS15WGMSSC1+790LM,1,,THK,Linear Bearing,SRS15WGMSSC1+790LM
13834,014-004-0494,THK SSSR15XV1SSME+400 Bearing,THK Linear Bearing SSSR15XV1SSME+400LYMS,3,,THK,Linear Bearing,SSSR15XV1SSME+400LYMS
22764,005-001-0271,Honeywell ST7800 Timer,Honeywell Purge Timer ST7800 A 1104,1,,Honeywell,Purge Timer,ST7800 A 1104
22712,005-026-0060,VS Technology SV-GA305 Photographic Accessories,VS Technology Lens Protector SV-GA305,1,,VS Technology,Lens Protector,SV-GA305
13812,014-012-0022,Nippon TA252OZ,Nippon Bearing TA252OZ,1,,Nippon,Bearing,TA252OZ
13811,014-012-0141,Nippon TAFI61612 Bearing,Nippon Bearing TAFI61612,1,,Nippon,Bearing,TAFI61612
18152,002-042-0006,Tokyo Keiki DGMFN-3-X-A2W-B2W-41J,Tokyo Keiki Restrictor Valve TGMFN-3-X-A2W-B2W-50,4,,Tokyo Keiki,Restrictor Valve,TGMFN-3-X-A2W-B2W-50
13816,014-011-0501,TSB0608N1494AP Ballscrew,Parker Ballscrew TSB0608N1494AP,1,,Parker,Ballscrew,TSB0608N1494AP
18172,002-001-0499,IHI U12R,IHI Valve U-12R,4,,IHI,Valve,U-12R
13802,014-013-0003,FYH UC213 Bearing,FYH Bearing UC213AMI,6,,FYH,Bearing,UC213AMI
18102,014-003-0008,FYH UCF-209-E,FYH Bearing UCF-209-E,5,,FYH,Bearing,UCF-209-E
13836,068-731-0001,UJD-046 Torch,Torch UJD-046,2,,-,Torch,UJD-046
13829,068-526-0010,SMC US13228,Piston Rod US13228,1,,-,Piston Rod,US13228
18107,002-034-0004,Honeywell V5055C-1059,Honeywell Gas Valve V5055C1059,6,,Honeywell,Gas Valve,V5055C1059
16572,MFG-000-1456,ASCO Redhat Kit V6379,ASCO Rebuild Kit V6379,2,,ASCO,Rebuild Kit,V6379
18141,002-001-0446,SMC VFS3600-5FZ,SMC Solenoid Valve VFS3600-5FZ,4,,SMC,Solenoid Valve,VFS3600-5FZ
16922,019-001-0454,Grundfos VM3613T-P Motor,Grundfos Motor VM3613T-P,65,,Grundfos,Motor,VM3613T-P
16598,019-002-0114,IDEC VRSF-5E-4000,IDECVRSF-5E-4000,28,,IDEC,-,VRSF-5E-4000
18142,002-038-0062,SMC VV2102-C6-02DS3Z-FD3,SMC MFLD ASSY VV2102-C6-02DS3Z-FD3,5,,SMC,MFLD ASSY,VV2102-C6-02DS3Z-FD3
18143,002-038-0063,SMC VV2105-C6-02DS3Z-FD3,SMC MFLD ASSY VV2105-C6-02DS3Z-FD3,7,,SMC,MFLD ASSY,VV2105-C6-02DS3Z-FD3
18144,002-016-0003,SMC VVFS2000-R-01-1,SMC Individual Exhaust Spacer VVFS2000-R-01-1,2,,SMC,Individual Exhaust Spacer,VVFS2000-R-01-1
17393,002-007-0382,SMC VVQ4000-R-1-03,SMC Exhaust Relocation Block VVQ4000-R-1-03,3,,SMC,Exhaust Relocation Block,VVQ4000-R-1-03
18195,002-038-0073,SMC VVQ4105C8MP04DS5Z,SMCVVQ4105C8MP04DS5Z,16,,SMC,-,VVQ4105C8MP04DS5Z
7707,002-001-0427,VX2340V-03N-5DZ1-B,SMC Solenoid Valve VX2340V-03N-5DZ1,2,,SMC,Solenoid Valve,VX2340V-03N-5DZ1
18194,002-001-0464,SMC VX3244,SMC Solenoid Valve VX3244,3,,SMC,Solenoid Valve,VX3244
18145,002-007-0194,SMC VZ51405DZ02,SMC Solenoid Base VZ5140-5DZ-02,2,,SMC,Solenoid Base,VZ5140-5DZ-02
18147,003-025-0022,SMC ZPT10DU-A5,SMC Vacuum Pad ZPT10DU-A5,1,,SMC,Vacuum Pad,ZPT10DU-A5
22759,008-025-0001,SMC EZM121HF-K5LZ-E15 Vacuum Generator,SMC Vacuum Pressure Switch ZSE1-00-15L,3,,SMC,Vacuum Pressure Switch,ZSE1-00-15L
16887,003-002-0034,SMC ZZM-SA,SMC Silencer Assembly ZZM-SA,1,,SMC,Silencer Assembly,ZZM-SA
13794,022-039-0163,7435,7435,3,,-,-,7435
16882,036-615-0069,#114 Plate,Plate 4T498025,1,,-,Plate,4T498025
16881,036-615-0067,#213,Block 3T496013,1,,-,Block,3T496013
16883,036-615-0071,#901,Bar HYP505H SN40138,1,,-,Bar,HYP505H SN40138
18214,003-005-0016,07021106 Hose Barb,Hose Barb 7021106,1,,-,Hose Barb,7021106
18233,013-001-0288,075L0067EF Belt,Belt 075L0067EF,2,,-,Belt,075L0067EF
18230,013-001-0436,100L608EF Belt,Belt 100L608EF,3,,-,Belt,100L608EF
18232,013-001-0457,150H75EF Belt,Belt 150-H-0075E-F,2,,-,Belt,150-H-0075E-F
16897,068-608-0010,200026 Plate,Plate 200026,1,,-,Plate,200026
16896,068-608-0009,200028 Plate,Plate 200028,1,,-,Plate,200028
18220,011-870-0006,201467 Clamp Mount,Clamp Mount 201467,2,,-,Clamp Mount,201467
18229,011-870-0007,201468A Cap,Cap 201468A,1,,-,Cap,201468A
18209,011-870-0008,201469 Shaft,Shaft 201469,1,,-,Shaft,201469
18115,014-001-0446,2133 Bearing,Bearing 2133,1,,-,Bearing,2133
18231,002-011-0051,222130025 Check Valve,Check Valve 222130025,,,-,Check Valve,222130025
18219,002-010-0004,270016003 Globe Valve,Globe Valve 270016003,4,,-,Globe Valve,270016003
18226,003-014-0041,30140041 Nut,Nut 30140041,1,,-,Nut,30140041
18216,013-001-0196,420P5M15 Belt,Belt 420P5M15,1,,-,Belt,420P5M15
13783,014-011-0415,53-26 Ballscrew,Ballscrew 53-26,2,,-,Ballscrew,53-26
18206,003-027-0015,72for300L Cap,Cap 72for300L,2,,-,Cap,72for300L
18236,013-001-0399,856P8M15 Belt,Belt 856P8M15,2,,-,Belt,856P8M15
18217,011-870-0010,90032-00 Retainer,Denso Retainer 90032-00,1,,Denso,Retainer,90032-00
18212,003-003-0246,Ace Controls Floating Joint FJRBSCBH30L35D20,Ace Controls Joint 126-0002,1,,Ace Controls,Joint,126-0002
22657,416-001-0006,Arrow Filter Kit EK9052,Arrow Pneumatics Filter Kit EK9052,1,,Arrow Pneumatics,Filter Kit,EK9052
18237,013-001-0499,AT10500136 Belt,Belt AT10 500 136,3,,-,Belt,AT10 500 136
18234,013-001-0432,B100S3M327 Timing Belt,Belt S3M327,1,,-,Belt,S3M327
18091,008-003-0070,BARKSDALE C9622-3,Barksdale Pressure Actuated Switch C9622-3,5,,Barksdale,Pressure Actuated Switch,C9622-3
17418,060-001-0273,Bearing MN-12-20,Bearings MN-12-20,3,,-,Bearings,MN-12-20
13788,078-586-0018,Bracket H-586-40-04,Bracket H-586-40-04,5,,-,Bracket,H-586-40-04
18227,003-023-0002,Brass Bushing,Bushing 18RH,1,,-,Bushing,18RH
13790,014-006-0277,Bushing Brass SOB-08-12-08,Bushing SOB-08-12-08,1,,-,Bushing,SOB-08-12-08
13791,014-006-0249,Bushing GUG60055,Bushing GUG60055,1,,-,Bushing,GUG60055
13789,014-006-0379,Bushing KAO3484A_511,Bushing KAO3484A_511,2,,-,Bushing,KAO3484A_511
18164,010-001-0125,Buss 46F064,Cartridge Fuse 46F064,1,,-,Cartridge Fuse,46F064
22613,022-038-0030,CCXC-12P10 Cable,Cable CCXC-12P10,5,,-,Cable,CCXC-12P10
13793,015-001-0243,CHE60-90 Chain,Chain CHE60-90,15,,-,Chain,CHE60-90
13795,468-562-0001,Connector 39900-002,Connector 39900-002,1,,-,Connector,39900-002
13796,466-532-0001,Connector 7283-9028-30,Connector 7283-9028-30,1,,-,Connector,7283-9028-30
13797,466-532-0002,Connector 7283-9078-80,Connector 7283-9078-80,1,,-,Connector,7283-9078-80
17404,015-002-0103,Connector Links 8981009767,Connectors 8981009767,2,,-,Connectors,8981009767
18126,005-017-0059,Connectors 7400000000,Connector 7400000000,1,,-,Connector,7400000000
1449,MFG-000-0061,D&amp;D PowerDrive 600-S14M-1806 Timing Belt,Timing Belt 600S14M1806,2,,-,Timing Belt,600S14M1806
18165,014-001-0345,Denso 646OK31,Denso646OK31,2,,Denso,-,646OK31
18097,007-010-0174,Eaton Corporation Weatherhead 06U-L66,Eaton Weatherhead Fitting 06UL66,1,,Eaton,Weatherhead Fitting,06UL66
18098,007-010-0169,Eaton Corporation Weatherhead 06U-S66,Eaton Weatherhead Fitting 06US66,1,,Eaton,Weatherhead Fitting,06US66
18099,007-010-0170,Eaton Corporation Weatherhead 08U-S68,Eaton Weatherhead Fitting 08US68,1,,Eaton,Weatherhead Fitting,08US68
22815,002-015-0027,Edwards E104A,Edwards Valve SS-G03-H13-R-D2-J8916A,1,,Edwards,Valve,SS-G03-H13-R-D2-J8916A
18204,005-005-0461,EP180 Module,Sigmatek Module EP180,1,,Sigmatek,Module,EP180
18235,013-003-0841,FNI5E Conv Belt,Edwards Conveyor Belt FNI5E,3,,Edwards,Conveyor Belt,FNI5E
22678,016-004-0324,GBC 3000003 Laminating Film,GBC Laminating Film 3000003,7,,GBC,Laminating Film,3000003
18238,004-002-0054,GDS40SG1 Flow Meter,Flow Meter GDS40SG1,15,,-,Flow Meter,GDS40SG1
18104,003-005-0011,GENERAL ELECTRIC C20,Hose Barb C-20,1,,-,Hose Barb,C-20
18218,005-014-0107,HH54PL Relay,Relay HH54PL,2,,-,Relay,HH54PL
13803,462-574-0003,HOLDER JX-121-06B,SankiJX-121-06B,1,,Sanki,-,JX-121-06B
17405,017-058-0002,Hopper Body MVH-20,Hopper MVH-20,21,,-,Hopper,MVH-20
13804,014-012-0100,INA Needle Bearing SCH1612,INA Bearing SCH1612,1,,INA,Bearing,SCH1612
19511,020-325-0001,Irie Koken VP1100B,Irie Koken Belt Clamp VP1100B,9,,Irie Koken,Belt Clamp,VP1100B
13806,005-026-0034,Lens SV-1214MP-SS,Lens SV-1214MP-SS,1,,-,Lens,SV-1214MP-SS
13801,006-006-0018,Light Fixture T1322,Light Fixture T1322,8,,-,Light Fixture,T1322
16917,030-003-0006,Quad Ring Wire 5MMx5MMx8M,Quadring Ring Wire 5MMX5MMX8M,3,,-,Quadring Ring Wire,5MMX5MMX8M
18128,002-042-0007,SMC ASN2-03-S,SMC Metering Valve ASN2-03-S,1,,SMC,Metering Valve,ASN2-03-S
18129,003-001-0265,SMC B310T,Bracket B310T,1,,-,Bracket,B310T
18133,003-004-0069,SMC KFH12U-04,SMC Fitting KFH12U-04,1,,SMC,Fitting,KFH12U-04
18134,003-015-0049,SMC KFY06-03,SMC Fitting KFY06-03,2,,SMC,Fitting,KFY06-03
18137,003-007-0077,SMC KT-VEX1333,SMC Kit KT-VEX1333,1,,SMC,Kit,KT-VEX1333
18140,003-001-0089,SMC NAR110,SMC Air Regulator NAR110,2,,SMC,Air Regulator,NAR110
18146,003-025-0016,SMC ZPT10DN-B6,SMC Vacuum Pad ZPT10DN-B6,1,,SMC,Vacuum Pad,ZPT10DN-B6
13832,028-001-0332,Sprocket 40B14-SPRCIAL S.S,Sprocket 40B14-SPRCIAL S.S,3,,-,Sprocket,40B14-SPRCIAL S.S
18150,003-020-0047,Swagelok SS-6-PST,Swagelok Hex Head Plug SS6PST,1,,Swagelok,Hex Head Plug,SS6PST
16898,068-608-0011,Tail Plate 200025,Plate 200025,1,,-,Plate,200025
17400,014-005-0093,Thrust Washer FWSJJ-28-V10-T3,Washer FWSJJ-28-V10-T3,1,,-,Washer,FWSJJ-28-V10-T3
17403,015-002-0041,Tsubaki C2080AS,Tsubaki Roller Chain C2080AS,25,,Tsubaki,Roller Chain,C2080AS
18221,002-046-0002,VB721300046 Valve,Valve VB721300046,4,,-,Valve,VB721300046
18210,002-038-0016,VS71AO2 Manifold,Manifolds VS71AO2,2,,-,Manifolds,VS71AO2
13808,014-004-0629,LKD SR15V2UU+180LII Linear BRG,LKD Linear Bearing SR15V2UU+180LII,3,,LKD,Linear Bearing,SR15V2UU+180LII
18177,005-019-0011,Mitsubishi 4100770010,Mitsubishi4100770010,1,,Mitsubishi,-,4100770010
22642,231-001-0255,Mitsubishi AD71-REPAIR Control Unit,Mitsubishi Control Unit AD71-REPAIR,3,,Mitsubishi,Control Unit,AD71-REPAIR
16902,014-003-0114,NTN PFL204 Bearing,NTN Bearing PFL204,2,,NTN,Bearing,PFL204
13817,068-526-0009,Piston Rod US13227,SMC Piston Rod US13227,1,,SMC,Piston Rod,US13227